RouteID,Source,Destination,IntermediateLocation,RouteType,DistanceKm,TypicalDurationMin,BaseTransportCostINR,EffectiveSpeedKmph,RouteClass,OperationalBufferMin,ReliabilityScore,WeatherRiskScore,DisruptionRiskScore,CapacityPerDayKg,CurrentUtilizationPct,ServiceClass,ExpressEligible,SLAHours,TollCostINR,Status,data_source
R-001,Delhi,Jaipur,,road,287,391,8036,44.04,intercity,60,0.95,0.05,0.04,64000,35,standard,true,10.52,574,active,SYNTHETIC
R-002,Jaipur,Delhi,,road,287,391,8036,44.04,intercity,60,0.95,0.05,0.04,64000,35,standard,true,10.52,574,active,SYNTHETIC
R-003,Jaipur,Udaipur,,road,405,527,11340,46.11,intercity,60,0.95,0.05,0.04,64000,35,standard,true,12.78,810,active,SYNTHETIC
R-004,Udaipur,Jaipur,,road,405,527,11340,46.11,intercity,60,0.95,0.05,0.04,64000,35,standard,true,12.78,810,active,SYNTHETIC
R-005,Udaipur,Ahmedabad,,road,255,354,7140,43.22,intercity,60,0.95,0.05,0.04,64000,35,standard,true,9.9,510,active,SYNTHETIC
R-006,Ahmedabad,Udaipur,,road,255,354,7140,43.22,intercity,60,0.95,0.05,0.04,64000,35,standard,true,9.9,510,active,SYNTHETIC
R-007,Ahmedabad,Surat,,road,253,352,7084,43.12,intercity,60,0.95,0.05,0.04,64000,35,standard,true,9.87,506,active,SYNTHETIC
R-008,Surat,Ahmedabad,,road,253,352,7084,43.12,intercity,60,0.95,0.05,0.04,64000,35,standard,true,9.87,506,active,SYNTHETIC
R-009,Surat,Mumbai,,road,284,388,7952,43.92,intercity,60,0.95,0.05,0.04,64000,35,standard,true,10.47,568,active,SYNTHETIC
R-010,Mumbai,Surat,,road,284,388,7952,43.92,intercity,60,0.95,0.05,0.04,64000,35,standard,true,10.47,568,active,SYNTHETIC
R-011,Mumbai,Pune,,road,147,250,4116,35.28,regional,30.0,0.95,0.05,0.04,64000,35,standard,true,8.17,294,active,SYNTHETIC
R-012,Pune,Mumbai,,road,147,250,4116,35.28,regional,30.0,0.95,0.05,0.04,64000,35,standard,true,8.17,294,active,SYNTHETIC
R-013,Pune,Hyderabad,,road,617,772,17276,47.95,intercity,60,0.95,0.05,0.04,64000,35,standard,true,16.87,1234,active,SYNTHETIC
R-014,Hyderabad,Pune,,road,617,772,17276,47.95,intercity,60,0.95,0.05,0.04,64000,35,standard,true,16.87,1234,active,SYNTHETIC
R-015,Hyderabad,Bengaluru,,road,610,764,17080,47.91,intercity,60,0.95,0.05,0.04,64000,35,standard,true,16.73,1220,active,SYNTHETIC
R-016,Bengaluru,Hyderabad,,road,610,764,17080,47.91,intercity,60,0.95,0.05,0.04,64000,35,standard,true,16.73,1220,active,SYNTHETIC
R-017,Bengaluru,Chennai,,road,354,468,9912,45.38,intercity,60,0.95,0.05,0.04,64000,35,standard,true,11.8,708,active,SYNTHETIC
R-018,Chennai,Bengaluru,,road,354,468,9912,45.38,intercity,60,0.95,0.05,0.04,64000,35,standard,true,11.8,708,active,SYNTHETIC
R-019,Bengaluru,Coimbatore,,road,278,381,7784,43.78,intercity,60,0.95,0.05,0.04,64000,35,standard,true,10.35,556,active,SYNTHETIC
R-020,Coimbatore,Bengaluru,,road,278,381,7784,43.78,intercity,60,0.95,0.05,0.04,64000,35,standard,true,10.35,556,active,SYNTHETIC
R-021,Coimbatore,Kochi,,road,174,291,4872,35.88,regional,30.0,0.95,0.05,0.04,64000,35,standard,true,8.85,348,active,SYNTHETIC
R-022,Kochi,Coimbatore,,road,174,291,4872,35.88,regional,30.0,0.95,0.05,0.04,64000,35,standard,true,8.85,348,active,SYNTHETIC
R-023,Coimbatore,Madurai,,road,215,352,6020,36.65,regional,30.0,0.95,0.05,0.04,64000,35,standard,true,9.87,430,active,SYNTHETIC
R-024,Madurai,Coimbatore,,road,215,352,6020,36.65,regional,30.0,0.95,0.05,0.04,64000,35,standard,true,9.87,430,active,SYNTHETIC
R-025,Delhi,Lucknow,,road,509,647,14252,47.2,intercity,60,0.95,0.05,0.04,64000,35,standard,true,14.78,1018,active,SYNTHETIC
R-026,Lucknow,Delhi,,road,509,647,14252,47.2,intercity,60,0.95,0.05,0.04,64000,35,standard,true,14.78,1018,active,SYNTHETIC
R-027,Lucknow,Kanpur,,road,92,168,2576,32.86,regional,30.0,0.95,0.05,0.04,64000,35,standard,true,6.8,184,active,SYNTHETIC
R-028,Kanpur,Lucknow,,road,92,168,2576,32.86,regional,30.0,0.95,0.05,0.04,64000,35,standard,true,6.8,184,active,SYNTHETIC
R-029,Kanpur,Varanasi,,road,357,472,9996,45.38,intercity,60,0.95,0.05,0.04,64000,35,standard,true,11.87,714,active,SYNTHETIC
R-030,Varanasi,Kanpur,,road,357,472,9996,45.38,intercity,60,0.95,0.05,0.04,64000,35,standard,true,11.87,714,active,SYNTHETIC
R-031,Varanasi,Patna,,road,268,369,7504,43.58,intercity,60,0.95,0.05,0.04,64000,35,standard,true,10.15,536,active,SYNTHETIC
R-032,Patna,Varanasi,,road,268,369,7504,43.58,intercity,60,0.95,0.05,0.04,64000,35,standard,true,10.15,536,active,SYNTHETIC
R-033,Patna,Kolkata,,road,572,720,16016,47.67,intercity,60,0.95,0.05,0.04,64000,35,standard,true,16.0,1144,active,SYNTHETIC
R-034,Kolkata,Patna,,road,572,720,16016,47.67,intercity,60,0.95,0.05,0.04,64000,35,standard,true,16.0,1144,active,SYNTHETIC
R-035,Kolkata,Ranchi,,road,396,517,11088,45.96,intercity,60,0.95,0.05,0.04,64000,35,standard,true,12.62,792,active,SYNTHETIC
R-036,Ranchi,Kolkata,,road,396,517,11088,45.96,intercity,60,0.95,0.05,0.04,64000,35,standard,true,12.62,792,active,SYNTHETIC
R-037,Ranchi,Bhubaneswar,,road,419,543,11732,46.3,intercity,60,0.95,0.05,0.04,64000,35,standard,true,13.05,838,active,SYNTHETIC
R-038,Bhubaneswar,Ranchi,,road,419,543,11732,46.3,intercity,60,0.95,0.05,0.04,64000,35,standard,true,13.05,838,active,SYNTHETIC
R-039,Bhubaneswar,Visakhapatnam,,road,487,622,13636,46.98,intercity,60,0.95,0.05,0.04,64000,35,standard,true,14.37,974,active,SYNTHETIC
R-040,Visakhapatnam,Bhubaneswar,,road,487,622,13636,46.98,intercity,60,0.95,0.05,0.04,64000,35,standard,true,14.37,974,active,SYNTHETIC
R-041,Visakhapatnam,Vijayawada,,road,370,487,10360,45.59,intercity,60,0.95,0.05,0.04,64000,35,standard,true,12.12,740,active,SYNTHETIC
R-042,Vijayawada,Visakhapatnam,,road,370,487,10360,45.59,intercity,60,0.95,0.05,0.04,64000,35,standard,true,12.12,740,active,SYNTHETIC
R-043,Vijayawada,Hyderabad,,road,305,412,8540,44.42,intercity,60,0.95,0.05,0.04,64000,35,standard,true,10.87,610,active,SYNTHETIC
R-044,Hyderabad,Vijayawada,,road,305,412,8540,44.42,intercity,60,0.95,0.05,0.04,64000,35,standard,true,10.87,610,active,SYNTHETIC
R-045,Delhi,Mohali,,road,289,393,8092,44.12,intercity,60,0.95,0.05,0.04,64000,35,standard,true,10.55,578,active,SYNTHETIC
R-046,Mohali,Delhi,,road,289,393,8092,44.12,intercity,60,0.95,0.05,0.04,64000,35,standard,true,10.55,578,active,SYNTHETIC
R-047,Mohali,Ludhiana,,road,104,186,2912,33.55,regional,30.0,0.95,0.05,0.04,64000,35,standard,true,7.1,208,active,SYNTHETIC
R-048,Ludhiana,Mohali,,road,104,186,2912,33.55,regional,30.0,0.95,0.05,0.04,64000,35,standard,true,7.1,208,active,SYNTHETIC
R-049,Delhi,Dehradun,,road,251,531,7028,28.36,hilly,60,0.95,0.05,0.04,64000,35,standard,true,12.85,502,active,SYNTHETIC
R-050,Dehradun,Delhi,,road,251,531,7028,28.36,hilly,60,0.95,0.05,0.04,64000,35,standard,true,12.85,502,active,SYNTHETIC
R-051,Ahmedabad,Indore,,road,413,537,11564,46.15,intercity,60,0.95,0.05,0.04,64000,35,standard,true,12.95,826,active,SYNTHETIC
R-052,Indore,Ahmedabad,,road,413,537,11564,46.15,intercity,60,0.95,0.05,0.04,64000,35,standard,true,12.95,826,active,SYNTHETIC
R-053,Indore,Bhopal,,road,208,342,5824,36.49,regional,30.0,0.95,0.05,0.04,64000,35,standard,true,9.7,416,active,SYNTHETIC
R-054,Bhopal,Indore,,road,208,342,5824,36.49,regional,30.0,0.95,0.05,0.04,64000,35,standard,true,9.7,416,active,SYNTHETIC
R-055,Bhopal,Nagpur,,road,356,471,9968,45.35,intercity,60,0.95,0.05,0.04,64000,35,standard,true,11.85,712,active,SYNTHETIC
R-056,Nagpur,Bhopal,,road,356,471,9968,45.35,intercity,60,0.95,0.05,0.04,64000,35,standard,true,11.85,712,active,SYNTHETIC
R-057,Nagpur,Hyderabad,,road,516,655,14448,47.27,intercity,60,0.95,0.05,0.04,64000,35,standard,true,14.92,1032,active,SYNTHETIC
R-058,Hyderabad,Nagpur,,road,516,655,14448,47.27,intercity,60,0.95,0.05,0.04,64000,35,standard,true,14.92,1032,active,SYNTHETIC
R-059,Kolkata,Siliguri,,road,564,711,15792,47.59,intercity,60,0.95,0.05,0.04,64000,35,standard,true,15.85,1128,active,SYNTHETIC
R-060,Siliguri,Kolkata,,road,564,711,15792,47.59,intercity,60,0.95,0.05,0.04,64000,35,standard,true,15.85,1128,active,SYNTHETIC
R-061,Siliguri,Guwahati,,road,413,834,11564,29.71,hilly,60,0.95,0.05,0.04,64000,35,standard,true,17.9,826,active,SYNTHETIC
R-062,Guwahati,Siliguri,,road,413,834,11564,29.71,hilly,60,0.95,0.05,0.04,64000,35,standard,true,17.9,826,active,SYNTHETIC
R-063,Delhi,Mumbai,,road,1401,1569,39228,53.58,linehaul,120,0.95,0.05,0.04,64000,35,standard,true,30.15,2802,active,SYNTHETIC
R-064,Mumbai,Delhi,,road,1401,1569,39228,53.58,linehaul,120,0.95,0.05,0.04,64000,35,standard,true,30.15,2802,active,SYNTHETIC
R-065,Mumbai,Bengaluru,,road,1031,1187,28868,52.11,linehaul,120,0.95,0.05,0.04,64000,35,standard,true,23.78,2062,active,SYNTHETIC
R-066,Bengaluru,Mumbai,,road,1031,1187,28868,52.11,linehaul,120,0.95,0.05,0.04,64000,35,standard,true,23.78,2062,active,SYNTHETIC
R-067,Delhi,Mumbai,,air,1148,166,80360,414.94,air,60,0.95,0.05,0.04,64000,35,standard,true,5.77,0,active,SYNTHETIC
R-068,Mumbai,Bengaluru,,air,845,138,59150,367.39,air,60,0.95,0.05,0.04,64000,35,standard,true,5.3,0,active,SYNTHETIC
R-069,Bengaluru,Kolkata,,air,1561,204,109270,459.12,air,60,0.95,0.05,0.04,64000,35,standard,true,6.4,0,active,SYNTHETIC
R-070,Kolkata,Delhi,,air,1304,180,91280,434.67,air,60,0.95,0.05,0.04,64000,35,standard,true,6.0,0,active,SYNTHETIC
R-071,Chennai,Hyderabad,,air,515,108,36050,286.11,air,60,0.95,0.05,0.04,64000,35,standard,true,4.8,0,active,SYNTHETIC
R-072,Hyderabad,Delhi,,air,1255,176,87850,427.84,air,60,0.95,0.05,0.04,64000,35,standard,true,5.93,0,active,SYNTHETIC
