VehicleID,WarehouseName,VehicleType,VehicleModel,VehicleCapacity,DepartureTime,Mode,Status,CostPerKmINR,CostPerHourINR,FixedDispatchCostINR,AvgSpeedKmph,MaxRangeKm,LoadingTimeMin,UnloadingTimeMin,ReliabilityScore,BreakdownRiskScore,CO2KgPerKm,ExpressEligible,Refrigerated,data_source
TRK-001,Delhi,Truck,BharatBenz linehaul,16000,00:00,road,available,34,120,500,55,3000,90,90,0.96,0.03,0.8,true,false,SYNTHETIC
TRK-002,Mumbai,Truck,BharatBenz linehaul,16000,00:00,road,available,34,120,500,55,3000,90,90,0.96,0.03,0.8,true,false,SYNTHETIC
TRK-003,Bengaluru,Truck,BharatBenz linehaul,16000,00:00,road,available,34,120,500,55,3000,90,90,0.96,0.03,0.8,true,false,SYNTHETIC
TRK-004,Chennai,Truck,BharatBenz linehaul,16000,00:00,road,available,34,120,500,55,3000,90,90,0.96,0.03,0.8,true,false,SYNTHETIC
TRK-005,Kolkata,Truck,BharatBenz linehaul,16000,00:00,road,available,34,120,500,55,3000,90,90,0.96,0.03,0.8,true,false,SYNTHETIC
TRK-006,Hyderabad,Truck,BharatBenz linehaul,16000,00:00,road,available,34,120,500,55,3000,90,90,0.96,0.03,0.8,true,false,SYNTHETIC
TRK-007,Pune,Truck,BharatBenz linehaul,16000,00:00,road,available,34,120,500,55,3000,90,90,0.96,0.03,0.8,true,false,SYNTHETIC
TRK-008,Ahmedabad,Truck,BharatBenz linehaul,16000,00:00,road,available,34,120,500,55,3000,90,90,0.96,0.03,0.8,true,false,SYNTHETIC
TRK-009,Jaipur,Truck,BharatBenz linehaul,16000,00:00,road,available,34,120,500,55,3000,90,90,0.96,0.03,0.8,true,false,SYNTHETIC
TRK-010,Lucknow,Truck,BharatBenz linehaul,16000,00:00,road,available,34,120,500,55,3000,90,90,0.96,0.03,0.8,true,false,SYNTHETIC
TRK-011,Kanpur,Truck,BharatBenz linehaul,16000,00:00,road,available,34,120,500,55,3000,90,90,0.96,0.03,0.8,true,false,SYNTHETIC
TRK-012,Varanasi,Truck,BharatBenz linehaul,16000,00:00,road,available,34,120,500,55,3000,90,90,0.96,0.03,0.8,true,false,SYNTHETIC
TRK-013,Indore,Truck,BharatBenz linehaul,16000,00:00,road,available,34,120,500,55,3000,90,90,0.96,0.03,0.8,true,false,SYNTHETIC
TRK-014,Udaipur,Truck,BharatBenz linehaul,16000,00:00,road,available,34,120,500,55,3000,90,90,0.96,0.03,0.8,true,false,SYNTHETIC
TRK-015,Ludhiana,Truck,BharatBenz linehaul,16000,00:00,road,available,34,120,500,55,3000,90,90,0.96,0.03,0.8,true,false,SYNTHETIC
TRK-016,Mohali,Truck,BharatBenz linehaul,16000,00:00,road,available,34,120,500,55,3000,90,90,0.96,0.03,0.8,true,false,SYNTHETIC
TRK-017,Kochi,Truck,BharatBenz linehaul,16000,00:00,road,available,34,120,500,55,3000,90,90,0.96,0.03,0.8,true,false,SYNTHETIC
TRK-018,Coimbatore,Truck,BharatBenz linehaul,16000,00:00,road,available,34,120,500,55,3000,90,90,0.96,0.03,0.8,true,false,SYNTHETIC
TRK-019,Madurai,Truck,BharatBenz linehaul,16000,00:00,road,available,34,120,500,55,3000,90,90,0.96,0.03,0.8,true,false,SYNTHETIC
TRK-020,Surat,Truck,BharatBenz linehaul,16000,00:00,road,available,34,120,500,55,3000,90,90,0.96,0.03,0.8,true,false,SYNTHETIC
TRK-021,Nagpur,Truck,BharatBenz linehaul,16000,00:00,road,available,34,120,500,55,3000,90,90,0.96,0.03,0.8,true,false,SYNTHETIC
TRK-022,Bhopal,Truck,BharatBenz linehaul,16000,00:00,road,available,34,120,500,55,3000,90,90,0.96,0.03,0.8,true,false,SYNTHETIC
TRK-023,Patna,Truck,BharatBenz linehaul,16000,00:00,road,available,34,120,500,55,3000,90,90,0.96,0.03,0.8,true,false,SYNTHETIC
TRK-024,Ranchi,Truck,BharatBenz linehaul,16000,00:00,road,available,34,120,500,55,3000,90,90,0.96,0.03,0.8,true,false,SYNTHETIC
TRK-025,Bhubaneswar,Truck,BharatBenz linehaul,16000,00:00,road,available,34,120,500,55,3000,90,90,0.96,0.03,0.8,true,false,SYNTHETIC
TRK-026,Visakhapatnam,Truck,BharatBenz linehaul,16000,00:00,road,available,34,120,500,55,3000,90,90,0.96,0.03,0.8,true,false,SYNTHETIC
TRK-027,Vijayawada,Truck,BharatBenz linehaul,16000,00:00,road,available,34,120,500,55,3000,90,90,0.96,0.03,0.8,true,false,SYNTHETIC
TRK-028,Guwahati,Truck,BharatBenz linehaul,16000,00:00,road,available,34,120,500,55,3000,90,90,0.96,0.03,0.8,true,false,SYNTHETIC
TRK-029,Siliguri,Truck,BharatBenz linehaul,16000,00:00,road,available,34,120,500,55,3000,90,90,0.96,0.03,0.8,true,false,SYNTHETIC
TRK-030,Dehradun,Truck,BharatBenz linehaul,16000,00:00,road,available,34,120,500,55,3000,90,90,0.96,0.03,0.8,true,false,SYNTHETIC
TRK-031,Delhi,Truck,Tata Ultra,7000,00:00,road,available,24,120,500,48,1800,60,60,0.96,0.03,0.8,true,false,SYNTHETIC
TRK-032,Mumbai,Truck,Tata Ultra,7000,00:00,road,available,24,120,500,48,1800,60,60,0.96,0.03,0.8,true,false,SYNTHETIC
TRK-033,Bengaluru,Truck,Tata Ultra,7000,00:00,road,available,24,120,500,48,1800,60,60,0.96,0.03,0.8,true,false,SYNTHETIC
TRK-034,Chennai,Truck,Tata Ultra,7000,00:00,road,available,24,120,500,48,1800,60,60,0.96,0.03,0.8,true,false,SYNTHETIC
TRK-035,Kolkata,Truck,Tata Ultra,7000,00:00,road,available,24,120,500,48,1800,60,60,0.96,0.03,0.8,true,false,SYNTHETIC
TRK-036,Hyderabad,Truck,Tata Ultra,7000,00:00,road,available,24,120,500,48,1800,60,60,0.96,0.03,0.8,true,false,SYNTHETIC
TRK-037,Pune,Truck,Tata Ultra,7000,00:00,road,available,24,120,500,48,1800,60,60,0.96,0.03,0.8,true,false,SYNTHETIC
TRK-038,Ahmedabad,Truck,Tata Ultra,7000,00:00,road,available,24,120,500,48,1800,60,60,0.96,0.03,0.8,true,false,SYNTHETIC
TRK-039,Jaipur,Truck,Tata Ultra,7000,00:00,road,available,24,120,500,48,1800,60,60,0.96,0.03,0.8,true,false,SYNTHETIC
TRK-040,Lucknow,Truck,Tata Ultra,7000,00:00,road,available,24,120,500,48,1800,60,60,0.96,0.03,0.8,true,false,SYNTHETIC
TRK-041,Kanpur,Truck,Tata Ultra,7000,00:00,road,available,24,120,500,48,1800,60,60,0.96,0.03,0.8,true,false,SYNTHETIC
TRK-042,Varanasi,Truck,Tata Ultra,7000,00:00,road,available,24,120,500,48,1800,60,60,0.96,0.03,0.8,true,false,SYNTHETIC
TRK-043,Indore,Truck,Tata Ultra,7000,00:00,road,available,24,120,500,48,1800,60,60,0.96,0.03,0.8,true,false,SYNTHETIC
TRK-044,Udaipur,Truck,Tata Ultra,7000,00:00,road,available,24,120,500,48,1800,60,60,0.96,0.03,0.8,true,false,SYNTHETIC
TRK-045,Ludhiana,Truck,Tata Ultra,7000,00:00,road,available,24,120,500,48,1800,60,60,0.96,0.03,0.8,true,false,SYNTHETIC
TRK-046,Mohali,Truck,Tata Ultra,7000,00:00,road,available,24,120,500,48,1800,60,60,0.96,0.03,0.8,true,false,SYNTHETIC
TRK-047,Kochi,Truck,Tata Ultra,7000,00:00,road,available,24,120,500,48,1800,60,60,0.96,0.03,0.8,true,false,SYNTHETIC
TRK-048,Coimbatore,Truck,Tata Ultra,7000,00:00,road,available,24,120,500,48,1800,60,60,0.96,0.03,0.8,true,false,SYNTHETIC
TRK-049,Madurai,Truck,Tata Ultra,7000,00:00,road,available,24,120,500,48,1800,60,60,0.96,0.03,0.8,true,false,SYNTHETIC
TRK-050,Surat,Truck,Tata Ultra,7000,00:00,road,available,24,120,500,48,1800,60,60,0.96,0.03,0.8,true,false,SYNTHETIC
TRK-051,Nagpur,Truck,Tata Ultra,7000,00:00,road,available,24,120,500,48,1800,60,60,0.96,0.03,0.8,true,false,SYNTHETIC
TRK-052,Bhopal,Truck,Tata Ultra,7000,00:00,road,available,24,120,500,48,1800,60,60,0.96,0.03,0.8,true,false,SYNTHETIC
TRK-053,Patna,Truck,Tata Ultra,7000,00:00,road,available,24,120,500,48,1800,60,60,0.96,0.03,0.8,true,false,SYNTHETIC
TRK-054,Ranchi,Truck,Tata Ultra,7000,00:00,road,available,24,120,500,48,1800,60,60,0.96,0.03,0.8,true,false,SYNTHETIC
TRK-055,Bhubaneswar,Truck,Tata Ultra,7000,00:00,road,available,24,120,500,48,1800,60,60,0.96,0.03,0.8,true,false,SYNTHETIC
TRK-056,Visakhapatnam,Truck,Tata Ultra,7000,00:00,road,available,24,120,500,48,1800,60,60,0.96,0.03,0.8,true,false,SYNTHETIC
TRK-057,Vijayawada,Truck,Tata Ultra,7000,00:00,road,available,24,120,500,48,1800,60,60,0.96,0.03,0.8,true,false,SYNTHETIC
TRK-058,Guwahati,Truck,Tata Ultra,7000,00:00,road,available,24,120,500,48,1800,60,60,0.96,0.03,0.8,true,false,SYNTHETIC
TRK-059,Siliguri,Truck,Tata Ultra,7000,00:00,road,available,24,120,500,48,1800,60,60,0.96,0.03,0.8,true,false,SYNTHETIC
TRK-060,Dehradun,Truck,Tata Ultra,7000,00:00,road,available,24,120,500,48,1800,60,60,0.96,0.03,0.8,true,false,SYNTHETIC
TRK-061,Delhi,Truck,Eicher Pro,5000,00:00,road,available,21,120,500,45,1400,45,45,0.96,0.03,0.8,true,false,SYNTHETIC
TRK-062,Mumbai,Truck,Eicher Pro,5000,00:00,road,available,21,120,500,45,1400,45,45,0.96,0.03,0.8,true,false,SYNTHETIC
TRK-063,Bengaluru,Truck,Eicher Pro,5000,00:00,road,available,21,120,500,45,1400,45,45,0.96,0.03,0.8,true,false,SYNTHETIC
TRK-064,Chennai,Truck,Eicher Pro,5000,00:00,road,available,21,120,500,45,1400,45,45,0.96,0.03,0.8,true,false,SYNTHETIC
TRK-065,Kolkata,Truck,Eicher Pro,5000,00:00,road,available,21,120,500,45,1400,45,45,0.96,0.03,0.8,true,false,SYNTHETIC
TRK-066,Hyderabad,Truck,Eicher Pro,5000,00:00,road,available,21,120,500,45,1400,45,45,0.96,0.03,0.8,true,false,SYNTHETIC
TRK-067,Pune,Truck,Eicher Pro,5000,00:00,road,available,21,120,500,45,1400,45,45,0.96,0.03,0.8,true,false,SYNTHETIC
TRK-068,Ahmedabad,Truck,Eicher Pro,5000,00:00,road,available,21,120,500,45,1400,45,45,0.96,0.03,0.8,true,false,SYNTHETIC
TRK-069,Jaipur,Truck,Eicher Pro,5000,00:00,road,available,21,120,500,45,1400,45,45,0.96,0.03,0.8,true,false,SYNTHETIC
TRK-070,Lucknow,Truck,Eicher Pro,5000,00:00,road,available,21,120,500,45,1400,45,45,0.96,0.03,0.8,true,false,SYNTHETIC
TRK-071,Kanpur,Truck,Eicher Pro,5000,00:00,road,available,21,120,500,45,1400,45,45,0.96,0.03,0.8,true,false,SYNTHETIC
TRK-072,Varanasi,Truck,Eicher Pro,5000,00:00,road,available,21,120,500,45,1400,45,45,0.96,0.03,0.8,true,false,SYNTHETIC
TRK-073,Indore,Truck,Eicher Pro,5000,00:00,road,available,21,120,500,45,1400,45,45,0.96,0.03,0.8,true,false,SYNTHETIC
TRK-074,Udaipur,Truck,Eicher Pro,5000,00:00,road,available,21,120,500,45,1400,45,45,0.96,0.03,0.8,true,false,SYNTHETIC
TRK-075,Ludhiana,Truck,Eicher Pro,5000,00:00,road,available,21,120,500,45,1400,45,45,0.96,0.03,0.8,true,false,SYNTHETIC
TRK-076,Mohali,Truck,Eicher Pro,5000,00:00,road,available,21,120,500,45,1400,45,45,0.96,0.03,0.8,true,false,SYNTHETIC
TRK-077,Kochi,Truck,Eicher Pro,5000,00:00,road,available,21,120,500,45,1400,45,45,0.96,0.03,0.8,true,false,SYNTHETIC
TRK-078,Coimbatore,Truck,Eicher Pro,5000,00:00,road,available,21,120,500,45,1400,45,45,0.96,0.03,0.8,true,false,SYNTHETIC
TRK-079,Madurai,Truck,Eicher Pro,5000,00:00,road,available,21,120,500,45,1400,45,45,0.96,0.03,0.8,true,false,SYNTHETIC
TRK-080,Surat,Truck,Eicher Pro,5000,00:00,road,available,21,120,500,45,1400,45,45,0.96,0.03,0.8,true,false,SYNTHETIC
TRK-081,Nagpur,Truck,Eicher Pro,5000,00:00,road,available,21,120,500,45,1400,45,45,0.96,0.03,0.8,true,false,SYNTHETIC
TRK-082,Bhopal,Truck,Eicher Pro,5000,00:00,road,available,21,120,500,45,1400,45,45,0.96,0.03,0.8,true,false,SYNTHETIC
TRK-083,Patna,Truck,Eicher Pro,5000,00:00,road,available,21,120,500,45,1400,45,45,0.96,0.03,0.8,true,false,SYNTHETIC
TRK-084,Ranchi,Truck,Eicher Pro,5000,00:00,road,available,21,120,500,45,1400,45,45,0.96,0.03,0.8,true,false,SYNTHETIC
TRK-085,Bhubaneswar,Truck,Eicher Pro,5000,00:00,road,available,21,120,500,45,1400,45,45,0.96,0.03,0.8,true,false,SYNTHETIC
TRK-086,Visakhapatnam,Truck,Eicher Pro,5000,00:00,road,available,21,120,500,45,1400,45,45,0.96,0.03,0.8,true,false,SYNTHETIC
TRK-087,Vijayawada,Truck,Eicher Pro,5000,00:00,road,available,21,120,500,45,1400,45,45,0.96,0.03,0.8,true,false,SYNTHETIC
TRK-088,Guwahati,Truck,Eicher Pro,5000,00:00,road,available,21,120,500,45,1400,45,45,0.96,0.03,0.8,true,false,SYNTHETIC
TRK-089,Siliguri,Truck,Eicher Pro,5000,00:00,road,available,21,120,500,45,1400,45,45,0.96,0.03,0.8,true,false,SYNTHETIC
TRK-090,Dehradun,Truck,Eicher Pro,5000,00:00,road,available,21,120,500,45,1400,45,45,0.96,0.03,0.8,true,false,SYNTHETIC
AIR-001,Delhi,Plane,Demo regional cargo aircraft allocation,12000,00:00,air,available,70,2000,10000,650,3500,60,60,0.96,0.03,8,true,false,SYNTHETIC
AIR-002,Mumbai,Plane,Demo regional cargo aircraft allocation,12000,00:00,air,available,70,2000,10000,650,3500,60,60,0.96,0.03,8,true,false,SYNTHETIC
AIR-003,Bengaluru,Plane,Demo regional cargo aircraft allocation,12000,00:00,air,available,70,2000,10000,650,3500,60,60,0.96,0.03,8,true,false,SYNTHETIC
AIR-004,Chennai,Plane,Demo regional cargo aircraft allocation,12000,00:00,air,available,70,2000,10000,650,3500,60,60,0.96,0.03,8,true,false,SYNTHETIC
AIR-005,Kolkata,Plane,Demo regional cargo aircraft allocation,12000,00:00,air,available,70,2000,10000,650,3500,60,60,0.96,0.03,8,true,false,SYNTHETIC
AIR-006,Hyderabad,Plane,Demo regional cargo aircraft allocation,12000,00:00,air,available,70,2000,10000,650,3500,60,60,0.96,0.03,8,true,false,SYNTHETIC
TRK-097,Pune,Truck,Tata 407,2000,00:00,road,available,16,120,500,40,650,30,30,0.96,0.03,0.8,true,false,SYNTHETIC
