WarehouseID,Country,City,NodeType,Name,Address,Latitude,Longitude,Inventory,ReorderLevel,StorageCapacity,ReservedInventory,HandlingCostPerUnitINR,FixedOperatingCostPerDayINR,ReliabilityScore,DisruptionRiskScore,NearestAirportIATA,AirportDistanceKm,Region,AnnualDemandUnits,PrimarySKU,Status,data_source
WH-001,India,Delhi,Gateway,Delhi,"Synthetic logistics node, Delhi, India",28.6139,77.209,12000,3000,40000,1000,2.5,12000,0.96,0.04,DEL,30,North,300000,DEMO-PARCEL,active,SYNTHETIC
WH-002,India,Mumbai,Gateway,Mumbai,"Synthetic logistics node, Mumbai, India",19.076,72.8777,12200,3000,41000,1000,2.5,12000,0.96,0.04,BOM,30,West,300000,DEMO-PARCEL,active,SYNTHETIC
WH-003,India,Bengaluru,Gateway,Bengaluru,"Synthetic logistics node, Bengaluru, India",12.9716,77.5946,12400,3000,42000,1000,2.5,12000,0.96,0.04,BLR,30,South,300000,DEMO-PARCEL,active,SYNTHETIC
WH-004,India,Chennai,Gateway,Chennai,"Synthetic logistics node, Chennai, India",13.0827,80.2707,12600,3000,43000,1000,2.5,12000,0.96,0.04,MAA,30,South,300000,DEMO-PARCEL,active,SYNTHETIC
WH-005,India,Kolkata,Gateway,Kolkata,"Synthetic logistics node, Kolkata, India",22.5726,88.3639,12800,3000,44000,1000,2.5,12000,0.96,0.04,CCU,30,East,300000,DEMO-PARCEL,active,SYNTHETIC
WH-006,India,Hyderabad,Gateway,Hyderabad,"Synthetic logistics node, Hyderabad, India",17.385,78.4867,13000,3000,45000,1000,2.5,12000,0.96,0.04,HYD,30,South,300000,DEMO-PARCEL,active,SYNTHETIC
WH-007,India,Pune,Hub,Pune,"Synthetic logistics node, Pune, India",18.5204,73.8567,13200,3000,46000,1000,2.5,12000,0.96,0.04,PNQ,30,West,300000,DEMO-PARCEL,active,SYNTHETIC
WH-008,India,Ahmedabad,Hub,Ahmedabad,"Synthetic logistics node, Ahmedabad, India",23.0225,72.5714,13400,3000,47000,1000,2.5,12000,0.96,0.04,AMD,30,West,300000,DEMO-PARCEL,active,SYNTHETIC
WH-009,India,Jaipur,Hub,Jaipur,"Synthetic logistics node, Jaipur, India",26.9124,75.7873,13600,3000,48000,1000,2.5,12000,0.96,0.04,JAI,30,North,300000,DEMO-PARCEL,active,SYNTHETIC
WH-010,India,Lucknow,Hub,Lucknow,"Synthetic logistics node, Lucknow, India",26.8467,80.9462,13800,3000,49000,1000,2.5,12000,0.96,0.04,LKO,30,North,300000,DEMO-PARCEL,active,SYNTHETIC
WH-011,India,Kanpur,Hub,Kanpur,"Synthetic logistics node, Kanpur, India",26.4499,80.3319,14000,3000,50000,1000,2.5,12000,0.96,0.04,KNU,30,North,300000,DEMO-PARCEL,active,SYNTHETIC
WH-012,India,Varanasi,Hub,Varanasi,"Synthetic logistics node, Varanasi, India",25.3176,82.9739,14200,3000,51000,1000,2.5,12000,0.96,0.04,VNS,30,North,300000,DEMO-PARCEL,active,SYNTHETIC
WH-013,India,Indore,Hub,Indore,"Synthetic logistics node, Indore, India",22.7196,75.8577,14400,3000,52000,1000,2.5,12000,0.96,0.04,IDR,30,Central,300000,DEMO-PARCEL,active,SYNTHETIC
WH-014,India,Udaipur,Hub,Udaipur,"Synthetic logistics node, Udaipur, India",24.5854,73.7125,14600,3000,53000,1000,2.5,12000,0.96,0.04,UDR,30,West,300000,DEMO-PARCEL,active,SYNTHETIC
WH-015,India,Ludhiana,Hub,Ludhiana,"Synthetic logistics node, Ludhiana, India",30.901,75.8573,14800,3000,54000,1000,2.5,12000,0.96,0.04,,,North,300000,DEMO-PARCEL,active,SYNTHETIC
WH-016,India,Mohali,Hub,Mohali,"Synthetic logistics node, Mohali, India",30.7046,76.7179,15000,3000,55000,1000,2.5,12000,0.96,0.04,IXC,30,North,300000,DEMO-PARCEL,active,SYNTHETIC
WH-017,India,Kochi,Hub,Kochi,"Synthetic logistics node, Kochi, India",9.9312,76.2673,15200,3000,56000,1000,2.5,12000,0.96,0.04,COK,30,South,300000,DEMO-PARCEL,active,SYNTHETIC
WH-018,India,Coimbatore,Hub,Coimbatore,"Synthetic logistics node, Coimbatore, India",11.0168,76.9558,15400,3000,57000,1000,2.5,12000,0.96,0.04,CJB,30,South,300000,DEMO-PARCEL,active,SYNTHETIC
WH-019,India,Madurai,Hub,Madurai,"Synthetic logistics node, Madurai, India",9.9252,78.1198,15600,3000,58000,1000,2.5,12000,0.96,0.04,IXM,30,South,300000,DEMO-PARCEL,active,SYNTHETIC
WH-020,India,Surat,Hub,Surat,"Synthetic logistics node, Surat, India",21.1702,72.8311,15800,3000,59000,1000,2.5,12000,0.96,0.04,STV,30,West,300000,DEMO-PARCEL,active,SYNTHETIC
WH-021,India,Nagpur,Hub,Nagpur,"Synthetic logistics node, Nagpur, India",21.1458,79.0882,16000,3000,60000,1000,2.5,12000,0.96,0.04,NAG,30,Central,300000,DEMO-PARCEL,active,SYNTHETIC
WH-022,India,Bhopal,Hub,Bhopal,"Synthetic logistics node, Bhopal, India",23.2599,77.4126,16200,3000,61000,1000,2.5,12000,0.96,0.04,BHO,30,Central,300000,DEMO-PARCEL,active,SYNTHETIC
WH-023,India,Patna,Hub,Patna,"Synthetic logistics node, Patna, India",25.5941,85.1376,16400,3000,62000,1000,2.5,12000,0.96,0.04,PAT,30,East,300000,DEMO-PARCEL,active,SYNTHETIC
WH-024,India,Ranchi,Hub,Ranchi,"Synthetic logistics node, Ranchi, India",23.3441,85.3096,16600,3000,63000,1000,2.5,12000,0.96,0.04,IXR,30,East,300000,DEMO-PARCEL,active,SYNTHETIC
WH-025,India,Bhubaneswar,Hub,Bhubaneswar,"Synthetic logistics node, Bhubaneswar, India",20.2961,85.8245,16800,3000,64000,1000,2.5,12000,0.96,0.04,BBI,30,East,300000,DEMO-PARCEL,active,SYNTHETIC
WH-026,India,Visakhapatnam,Hub,Visakhapatnam,"Synthetic logistics node, Visakhapatnam, India",17.6868,83.2185,17000,3000,65000,1000,2.5,12000,0.96,0.04,VTZ,30,South,300000,DEMO-PARCEL,active,SYNTHETIC
WH-027,India,Vijayawada,Hub,Vijayawada,"Synthetic logistics node, Vijayawada, India",16.5062,80.648,17200,3000,66000,1000,2.5,12000,0.96,0.04,VGA,30,South,300000,DEMO-PARCEL,active,SYNTHETIC
WH-028,India,Guwahati,Hub,Guwahati,"Synthetic logistics node, Guwahati, India",26.1445,91.7362,17400,3000,67000,1000,2.5,12000,0.96,0.04,GAU,30,Northeast,300000,DEMO-PARCEL,active,SYNTHETIC
WH-029,India,Siliguri,Hub,Siliguri,"Synthetic logistics node, Siliguri, India",26.7271,88.3953,17600,3000,68000,1000,2.5,12000,0.96,0.04,IXB,30,East,300000,DEMO-PARCEL,active,SYNTHETIC
WH-030,India,Dehradun,Hub,Dehradun,"Synthetic logistics node, Dehradun, India",30.3165,78.0322,17800,3000,69000,1000,2.5,12000,0.96,0.04,DED,30,North,300000,DEMO-PARCEL,active,SYNTHETIC
